{"test/loss_step": 2.0454294681549072, "test/acc_step": 0.0, "trainer/global_step": 24, "_timestamp": 1648132719, "_runtime": 51, "_step": 407, "test/loss_epoch": 2.0718719959259033, "test/acc_epoch": 0.21343259513378143, "epoch": 0}